variable_name,units,value,data_reference
R_smc_kapela,coulomb_mV_per_kelvin_mole,8314.472,kapela_data
T_smc_kapela,kelvin,293,kapela_data
F_smc_kapela,coulomb_per_mole,96485.34,kapela_data
V_m_init_smc_kapela,mV,-59.4,kapela_data
C_m_smc_kapela,pF,25,kapela_data
K_e_smc_kapela,mM,5,kapela_data
K_i_init_smc_kapela,mM,140,kapela_data
Na_e_smc_kapela,mM,140,kapela_data
Na_i_init_smc_kapela,mM,8.4,kapela_data
Ca_e_smc_kapela,mM,2,kapela_data
Ca_i_init_smc_kapela,mM,68.0e-6,kapela_data
Cl_e_smc_kapela,mM,129,kapela_data
Cl_i_init_smc_kapela,mM,59.4,kapela_data
z_K_smc_kapela,dimensionless,1,kapela_data
z_Na_smc_kapela,dimensionless,1,kapela_data
z_Ca_smc_kapela,dimensionless,2,kapela_data
z_Cl_smc_kapela,dimensionless,-1,kapela_data
d_L_init_smc_kapela,dimensionless,0.000779,kapela_data
f_L_init_smc_kapela,dimensionless,0.871254,kapela_data
P_VOCC_smc_kapela,cm_per_s,1.88e-5,kapela_data
p_f_init_smc_kapela,dimensionless,0.00316,kapela_data
p_s_init_smc_kapela,dimensionless,0.00316,kapela_data
cGMP_init_smc_kapela,mM,0,kapela_data
dV_50KCacGMP_smc_kapela,mV,76,kapela_data
dV_50KCaNO_smc_kapela,mV,46.3,kapela_data
N_BKCa_smc_kapela,per_cm_2,6.6e+6,kapela_data
tau_pf_smc_kapela,ms,0.84,kapela_data
tau_ps_smc_kapela,ms,35.9,kapela_data
P_BKCa_smc_kapela,cm_3_per_s,3.9e-13,kapela_data
g_Kv_smc_kapela,nS,1.35,kapela_data
p_K_init_smc_kapela,dimensionless,0.03817,kapela_data
q_1_init_smc_kapela,dimensionless,0.79991,kapela_data
q_2_init_smc_kapela,dimensionless,0.7991,kapela_data
tau_q1_smc_kapela,ms,371,kapela_data
tau_q2_smc_kapela,ms,2884,kapela_data
g_Kleak_smc_kapela,nS,0.067,kapela_data
P_NaNSC_smc_kapela,cm_per_s,5.11e-7,kapela_data
dmin_NSC_smc_kapela,dimensionless,0.0244,kapela_data
K_NSC_smc_kapela,mM,3e-3,kapela_data
tau_SOC_smc_kapela,ms,100,kapela_data
K_SOC_smc_kapela,mM,1e-4,kapela_data
g_CaSOC_smc_kapela,nS,0.0083,kapela_data
P_SOC_init_smc_kapela,dimensionless,0,kapela_data
g_NaSOC_smc_kapela,nS,0.0575,kapela_data
n_ClcGMP_smc_kapela,dimensionless,3.3,kapela_data
K_ClcGMP_smc_kapela,mM,6.4e-3,kapela_data
Rmin_ClcGMP_smc_kapela,dimensionless,0.0132,kapela_data
n_ClCa_smc_kapela,dimensionless,2,kapela_data
K_ClCa_smc_kapela,mM,3.65e-4,kapela_data
g_ClCa_smc_kapela,nS_per_pF,0.23,kapela_data
Ibar_PMCA_smc_kapela,pA,5.37,kapela_data
K_mPMCa_smc_kapela,mM,1.7e-4,kapela_data
g_NCX_smc_kapela,pA,0.000487,kapela_data
d_NCX_smc_kapela,dimensionless,0.0003,kapela_data
gamma_NCX_smc_kapela,dimensionless,0.45,kapela_data
Ibar_NaK_smc_kapela,pA_per_pF,2.3083,kapela_data
n_HKe_smc_kapela,dimensionless,1.1,kapela_data
K_dKe_smc_kapela,mM,1.6,kapela_data
n_HNai_smc_kapela,dimensionless,1.7,kapela_data
Na_dNai_smc_kapela,mM,22,kapela_data
Q_10_smc_kapela,dimensionless,1.87,kapela_data
L_NaKCl_smc_kapela,mole_2_per_J_s_m_2,1.79e-17,kapela_data
Ibar_IP3_smc_kapela,per_ms,2880e-6,kapela_data
Vol_Ca_smc_kapela,pL,0.7,kapela_data
IP_3_init_smc_kapela,mM,0,kapela_data
K_IP3_smc_kapela,mM,1.2e-04,kapela_data
Kact_IP3_smc_kapela,mM,1.7e-04,kapela_data
h_IP3_init_smc_kapela,dimensionless,0.59524,kapela_data
kon_IP3_smc_kapela,per_ms_mM,1.4,kapela_data
Kinh_IP3_smc_kapela,mM,1e-04,kapela_data
Ca_SRu_init_smc_kapela,mM,0.66,kapela_data
Ca_SRr_init_smc_kapela,mM,0.57,kapela_data
Ibar_SERCA_smc_kapela,pA,6.68,kapela_data
Kup_m_smc_kapela,mM,1e-3,kapela_data
tau_tr_smc_kapela,ms,1000,kapela_data
R_leak_smc_kapela,dimensionless,1.07e-5,kapela_data
tau_rel_smc_kapela,ms,0.0333,kapela_data
CSQN_bar_smc_kapela,mM,15,kapela_data
K_CSQN_smc_kapela,mM,0.8,kapela_data
Vol_SRu_smc_kapela,pL,0.07,kapela_data
Vol_SRr_smc_kapela,pL,0.007,kapela_data
K_r1_smc_kapela,per_ms_mM_2,2500,kapela_data
K_mr1_smc_kapela,per_ms,0.0076,kapela_data
K_mr2_smc_kapela,per_ms,0.084,kapela_data
K_r2_smc_kapela,per_ms_mM,1.05,kapela_data
R_10_init_smc_kapela,dimensionless,0.0033,kapela_data
R_11_init_smc_kapela,dimensionless,4e-06,kapela_data
R_01_init_smc_kapela,dimensionless,0.9955,kapela_data
k_rG_smc_kapela,per_ms,1.75e-7,kapela_data
xi_G_smc_kapela,dimensionless,0.85,kapela_data
R_TG_smc_kapela,dimensionless,2e4,kapela_data
k_pG_smc_kapela,per_ms,0.1e-3,kapela_data
K_1G_smc_kapela,mM,0.01,kapela_data
k_eG_smc_kapela,per_ms,6e-6,kapela_data
K_2G_smc_kapela,mM,0.2,kapela_data
k_aG_smc_kapela,per_ms,0.17e-3,kapela_data
k_dG_smc_kapela,per_ms,1.5e-3,kapela_data
alpha_G_smc_kapela,per_ms,2.781e-8,kapela_data
K_cG_smc_kapela,mM,0.4e-3,kapela_data
k_degG_smc_kapela,per_ms,1.25e-3,kapela_data
r_rG_smc_kapela,per_ms,0.015e-3,kapela_data
PIP_2T_smc_kapela,dimensionless,5e7,kapela_data
RS_G_init_smc_kapela,dimensionless,1.7e4,kapela_data
G_init_smc_kapela,mM,0,kapela_data
RS_PG_init_smc_kapela,dimensionless,0,kapela_data
PIP_2_init_smc_kapela,dimensionless,5e7,kapela_data
Vmax_cGMP_smc_kapela,mM_per_ms,1.26e-7,kapela_data
k_3sGC_smc_kapela,per_ms_mM,4.2,kapela_data
k_m2sGC_smc_kapela,per_ms,0.1e-6,kapela_data
k_DrsGC_smc_kapela,per_ms,0.1e-3,kapela_data
k_pdecGMP_smc_kapela,per_ms,0.0695e-3,kapela_data
K_mpde_smc_kapela,mM,1e-3,kapela_data
V_cGMP_init_smc_kapela,mV,0,kapela_data
I_CasigmaCC_smc_kapela,pA,0,kapela_data
I_CaepsilonCC_smc_kapela,pA,0,kapela_data
I_NasigmaCC_smc_kapela,pA,0,kapela_data
I_NaepsilonCC_smc_kapela,pA,0,kapela_data
Sbar_CM_smc_kapela,mM,0.1,kapela_data
K_dCM_smc_kapela,mM,2.60e-4,kapela_data
Bbar_F_smc_kapela,mM,0.1,kapela_data
K_dB_smc_kapela,mM,5.298e-4,kapela_data
I_stim_smc_kapela,pA,0,kapela_data
N_Avo_smc_kapela,per_mole,6.022e+23,kapela_data
Vol_i_smc_kapela,pL,1,kapela_data
G_0_smc_kapela,dimensionless,0,kapela_data
G_TG_smc_kapela,dimensionless,1e+5,kapela_data
k_1sGC_smc_kapela,per_ms_mM,2e+3,kapela_data
k_m1sGC_smc_kapela,per_ms,15e-3,kapela_data
k_2sGC_smc_kapela,per_ms,0.64e-5,kapela_data
k_DsGC_smc_kapela,per_ms,0.4e-3,kapela_data
NE_amp_smc_kapela,mM,0.001,kapela_data
NO_amp_smc_kapela,mM,0.001,kapela_data
NO_tstart_smc_kapela,ms,200e3,kapela_data
NO_tend_smc_kapela,ms,300e3,kapela_data
NE_tstart_smc_kapela,ms,100e3,kapela_data
NE_tend_smc_kapela,ms,300e3,kapela_data
K_2_smc_kapela,per_ms,0.5e-3,kapela_data
K_3_smc_kapela,per_ms,0.4e-3,kapela_data
K_4_smc_kapela,per_ms,0.1e-3,kapela_data
K_5_smc_kapela,per_ms,0.5e-3,kapela_data
K_7_smc_kapela,per_ms,0.1e-3,kapela_data
M_init_smc_kapela,dimensionless,0.9685,kapela_data
Mp_init_smc_kapela,dimensionless,0.0063,kapela_data
AMp_init_smc_kapela,dimensionless,0.0044,kapela_data
AM_init_smc_kapela,dimensionless,0.0208,kapela_data
alpha_Ca_smc_kapela,dimensionless,0.24,kapela_data
K_CaCaM_smc_kapela,per_mM,1.78e-4,kapela_data
gamma_smc_kapela,per_mM_3_s,17e6,kapela_data
