all | time (ms),all | Ca_i (mM)
5.00000000e+02,7.99311916e-05
1.00000000e+03,9.00563633e-05
1.50000000e+03,9.74149919e-05
2.00000000e+03,1.04136606e-04
2.50000000e+03,1.09504558e-04
3.00000000e+03,1.14129583e-04
3.50000000e+03,1.18417958e-04
4.00000000e+03,1.22495760e-04
4.50000000e+03,1.26072740e-04
5.00000000e+03,1.29480442e-04
5.50000000e+03,1.32782690e-04
6.00000000e+03,1.36053211e-04
6.50000000e+03,1.39061477e-04
7.00000000e+03,1.41939492e-04
7.50000000e+03,1.45022339e-04
8.00000000e+03,1.48123428e-04
8.50000000e+03,1.50978434e-04
9.00000000e+03,1.53856896e-04
9.50000000e+03,1.56621725e-04
1.00000000e+04,1.60063704e-04
1.05000000e+04,1.71238281e-04
1.10000000e+04,2.25047184e-04
1.15000000e+04,4.29342832e-04
1.20000000e+04,9.63476423e-04
1.25000000e+04,9.00123947e-04
1.30000000e+04,8.29510947e-04
1.35000000e+04,7.74985407e-04
1.40000000e+04,7.32394719e-04
1.45000000e+04,7.00470056e-04
1.50000000e+04,6.76137812e-04
1.55000000e+04,6.57768215e-04
1.60000000e+04,6.43579669e-04
1.65000000e+04,6.34282046e-04
1.70000000e+04,6.27568619e-04
1.75000000e+04,6.22806199e-04
1.80000000e+04,6.19908399e-04
1.85000000e+04,6.18780498e-04
1.90000000e+04,6.18850185e-04
1.95000000e+04,6.19868654e-04
2.00000000e+04,6.21982799e-04
2.05000000e+04,6.24802891e-04
2.10000000e+04,6.27920809e-04
2.15000000e+04,6.31857189e-04
2.20000000e+04,6.36196481e-04
2.25000000e+04,6.40821507e-04
2.30000000e+04,6.45463054e-04
2.35000000e+04,6.50879712e-04
2.40000000e+04,6.55649011e-04
2.45000000e+04,6.60987994e-04
2.50000000e+04,6.66589142e-04
2.55000000e+04,6.72231297e-04
2.60000000e+04,6.77873452e-04
2.65000000e+04,6.83446130e-04
2.70000000e+04,6.88541031e-04
2.75000000e+04,6.93659506e-04
2.80000000e+04,6.99235541e-04
2.85000000e+04,7.04838652e-04
2.90000000e+04,7.10147254e-04
2.95000000e+04,7.15028234e-04
3.00000000e+04,7.20363696e-04
3.05000000e+04,7.25223516e-04
3.10000000e+04,7.30186547e-04
3.15000000e+04,7.35037820e-04
3.20000000e+04,7.39676332e-04
3.25000000e+04,7.44203082e-04
3.30000000e+04,7.48715471e-04
3.35000000e+04,7.53144211e-04
3.40000000e+04,7.57392469e-04
3.45000000e+04,7.61498492e-04
3.50000000e+04,7.65499118e-04
3.55000000e+04,7.69342206e-04
3.60000000e+04,7.73064640e-04
3.65000000e+04,7.76787075e-04
3.70000000e+04,7.80421653e-04
3.75000000e+04,7.83761861e-04
3.80000000e+04,7.86933691e-04
3.85000000e+04,7.90193192e-04
3.90000000e+04,7.93238771e-04
3.95000000e+04,7.96283428e-04
4.00000000e+04,7.99225990e-04
4.05000000e+04,8.01681708e-04
4.10000000e+04,8.04225661e-04
4.15000000e+04,8.06820306e-04
4.20000000e+04,8.09198445e-04
4.25000000e+04,8.11454870e-04
4.30000000e+04,8.13598648e-04
4.35000000e+04,8.15678332e-04
4.40000000e+04,8.17699728e-04
4.45000000e+04,8.19505989e-04
4.50000000e+04,8.21261385e-04
4.55000000e+04,8.22876961e-04
4.60000000e+04,8.24644532e-04
4.65000000e+04,8.26001711e-04
4.70000000e+04,8.27469496e-04
4.75000000e+04,8.28618991e-04
4.80000000e+04,8.29946520e-04
4.85000000e+04,8.31120428e-04
4.90000000e+04,8.32085374e-04
4.95000000e+04,8.32991022e-04
5.00000000e+04,8.33896670e-04
5.05000000e+04,8.34801827e-04
5.10000000e+04,8.35501926e-04
5.15000000e+04,8.36131388e-04
5.20000000e+04,8.36823886e-04
5.25000000e+04,8.37220115e-04
5.30000000e+04,8.37967148e-04
5.35000000e+04,8.37997255e-04
5.40000000e+04,8.38251463e-04
5.45000000e+04,8.39156177e-04
5.50000000e+04,8.39194309e-04
5.55000000e+04,8.39200013e-04
5.60000000e+04,8.39205618e-04
5.65000000e+04,8.39211223e-04
5.70000000e+04,8.39217466e-04
5.75000000e+04,8.39223433e-04
5.80000000e+04,8.39229039e-04
5.85000000e+04,8.39181773e-04
5.90000000e+04,8.38759916e-04
5.95000000e+04,8.38126838e-04
6.00000000e+04,8.38049455e-04
6.05000000e+04,8.37885091e-04
6.10000000e+04,8.37072040e-04
6.15000000e+04,8.36841844e-04
6.20000000e+04,8.36398210e-04
6.25000000e+04,8.35735660e-04
6.30000000e+04,8.35270998e-04
6.35000000e+04,8.34639381e-04
6.40000000e+04,8.33971454e-04
6.45000000e+04,8.33380825e-04
6.50000000e+04,8.32614843e-04
6.55000000e+04,8.31784015e-04
6.60000000e+04,8.31057258e-04
6.65000000e+04,8.30296688e-04
6.70000000e+04,8.29404025e-04
6.75000000e+04,8.28511363e-04
6.80000000e+04,8.27618516e-04
6.85000000e+04,8.26725038e-04
6.90000000e+04,8.25813648e-04
6.95000000e+04,8.24584118e-04
7.00000000e+04,7.78215331e-04
7.05000000e+04,6.89477445e-04
7.10000000e+04,6.23852790e-04
7.15000000e+04,5.63806126e-04
7.20000000e+04,5.12433328e-04
7.25000000e+04,4.65004225e-04
7.30000000e+04,4.25590385e-04
7.35000000e+04,3.92078799e-04
7.40000000e+04,3.61548558e-04
7.45000000e+04,3.34092047e-04
7.50000000e+04,3.12141988e-04
7.55000000e+04,2.91147810e-04
7.60000000e+04,2.72746582e-04
7.65000000e+04,2.56691721e-04
7.70000000e+04,2.42152276e-04
7.75000000e+04,2.29361955e-04
7.80000000e+04,2.18888702e-04
7.85000000e+04,2.10149993e-04
7.90000000e+04,2.01942812e-04
7.95000000e+04,1.94944391e-04
8.00000000e+04,1.89207327e-04
8.05000000e+04,1.83638170e-04
8.10000000e+04,1.79046454e-04
8.15000000e+04,1.75095895e-04
8.20000000e+04,1.71966431e-04
8.25000000e+04,1.69214944e-04
8.30000000e+04,1.66858130e-04
8.35000000e+04,1.65066651e-04
8.40000000e+04,1.63567150e-04
8.45000000e+04,1.62406954e-04
8.50000000e+04,1.61513780e-04
8.55000000e+04,1.60964140e-04
8.60000000e+04,1.60970036e-04
8.65000000e+04,1.60976351e-04
8.70000000e+04,1.60981956e-04
8.75000000e+04,1.60987561e-04
8.80000000e+04,1.61006501e-04
8.85000000e+04,1.61462489e-04
8.90000000e+04,1.62133708e-04
8.95000000e+04,1.63014419e-04
9.00000000e+04,1.63920067e-04
9.05000000e+04,1.65331140e-04
9.10000000e+04,1.67141530e-04
9.15000000e+04,1.68991247e-04
9.20000000e+04,1.70980176e-04
9.25000000e+04,1.73177305e-04
